<?xml version="1.0" encoding="UTF-8"?>
<project-private xmlns="http://www.netbeans.org/ns/project-private/1">
    <editor-bookmarks xmlns="http://www.netbeans.org/ns/editor-bookmarks/2" lastBookmarkId="0"/>
    <open-files xmlns="http://www.netbeans.org/ns/projectui-open-files/2">
        <group>
            <file>file:/C:/Users/WILLIAM%20A%20TORRES%20L/Documents/NetBeansProjects/Contactos/src/contactos/Persona.java</file>
            <file>file:/C:/Users/WILLIAM%20A%20TORRES%20L/Documents/NetBeansProjects/Contactos/src/contactos/Main.java</file>
            <file>file:/C:/Users/WILLIAM%20A%20TORRES%20L/Documents/NetBeansProjects/Contactos/src/contactos/Contactos.java</file>
            <file>file:/C:/Users/WILLIAM%20A%20TORRES%20L/Documents/NetBeansProjects/Contactos/src/contactos/degradadoclass.java</file>
            <file>file:/C:/Users/WILLIAM%20A%20TORRES%20L/Documents/NetBeansProjects/Contactos/src/contactos/tablaform.java</file>
            <file>file:/C:/Users/WILLIAM%20A%20TORRES%20L/Documents/NetBeansProjects/Contactos/src/contactos/mipanel.java</file>
            <file>file:/C:/Users/WILLIAM%20A%20TORRES%20L/Documents/NetBeansProjects/Contactos/src/contactos/conectate.java</file>
            <file>file:/C:/Users/WILLIAM%20A%20TORRES%20L/Documents/NetBeansProjects/Contactos/src/contactos/tablaUno.java</file>
        </group>
    </open-files>
</project-private>
